date,price,shares,cash,equity
2021-06-03,1.44,0,1000.0,1000.0
2021-06-04,1.53,0,1000.0,1000.0
2021-06-07,1.64,0,1000.0,1000.0
2021-06-08,1.65,0,1000.0,1000.0
2021-06-09,1.59,0,1000.0,1000.0
2021-06-10,1.59,0,1000.0,1000.0
2021-06-11,1.66,0,1000.0,1000.0
2021-06-14,1.6,0,1000.0,1000.0
2021-06-15,1.67,0,1000.0,1000.0
2021-06-16,1.73,0,1000.0,1000.0
2021-06-17,1.66,0,1000.0,1000.0
2021-06-18,1.6,0,1000.0,1000.0
2021-06-21,1.58,0,1000.0,1000.0
2021-06-22,1.6,0,1000.0,1000.0
2021-06-23,1.53,0,1000.0,1000.0
2021-06-24,1.56,0,1000.0,1000.0
2021-06-25,1.45,0,1000.0,1000.0
2021-06-28,1.41,0,1000.0,1000.0
2021-06-29,1.33,0,1000.0,1000.0
2021-06-30,1.4,0,1000.0,1000.0
2021-07-01,1.42,0,1000.0,1000.0
2021-07-02,1.37,0,1000.0,1000.0
2021-07-06,1.3,0,1000.0,1000.0
2021-07-07,1.27,0,1000.0,1000.0
2021-07-08,1.23,0,1000.0,1000.0
2021-07-09,1.28,0,1000.0,1000.0
2021-07-12,1.25,0,1000.0,1000.0
2021-07-13,1.22,0,1000.0,1000.0
2021-07-14,1.16,0,1000.0,1000.0
2021-07-15,1.13,0,1000.0,1000.0
2021-07-16,1.05,237,750.4,999.25
2021-07-19,1.1,237,750.4,1011.1
2021-07-20,1.1,237,750.4,1011.1
2021-07-21,1.19,237,750.4,1032.43
2021-07-22,1.17,237,750.4,1027.69
2021-07-23,1.15,237,750.4,1022.95
2021-07-26,1.17,237,750.4,1027.69
2021-07-27,1.14,237,750.4,1020.58
2021-07-28,1.28,237,750.4,1053.76
2021-07-29,1.23,237,750.4,1041.91
2021-07-30,1.13,237,750.4,1018.21
2021-08-02,1.13,237,750.4,1018.21
2021-08-03,1.13,237,750.4,1018.21
2021-08-04,1.09,237,750.4,1008.73
2021-08-05,1.14,237,750.4,1020.58
2021-08-06,1.19,237,750.4,1032.43
2021-08-09,1.14,237,750.4,1020.58
2021-08-10,1.19,237,750.4,1032.43
2021-08-11,1.21,237,750.4,1037.17
2021-08-12,1.15,237,750.4,1022.95
2021-08-13,1.16,237,750.4,1025.32
2021-08-16,1.09,237,750.4,1008.73
2021-08-17,1.04,237,750.4,996.88
2021-08-18,1.14,237,750.4,1020.58
2021-08-19,1.05,237,750.4,999.25
2021-08-20,1.08,237,750.4,1006.36
2021-08-23,1.12,237,750.4,1015.84
2021-08-24,1.12,237,750.4,1015.84
2021-08-25,1.16,237,750.4,1025.32
2021-08-26,1.12,237,750.4,1015.84
2021-08-27,1.21,237,750.4,1037.17
2021-08-30,1.21,237,750.4,1037.17
2021-08-31,1.3,237,750.4,1058.5
2021-09-01,1.31,237,750.4,1060.87
2021-09-02,1.44,237,750.4,1091.68
2021-09-03,1.48,237,750.4,1101.16
2021-09-07,1.52,237,750.4,1110.64
2021-09-08,1.51,237,750.4,1108.27
2021-09-09,1.46,237,750.4,1096.42
2021-09-10,1.66,166,867.91,1143.47
2021-09-13,1.78,100,985.04,1163.04
2021-09-14,1.84,0,1168.49,1168.49
2021-09-15,2.05,0,1168.49,1168.49
2021-09-16,1.96,0,1168.49,1168.49
2021-09-17,1.89,0,1168.49,1168.49
2021-09-20,1.69,0,1168.49,1168.49
2021-09-21,1.74,0,1168.49,1168.49
2021-09-22,1.71,0,1168.49,1168.49
2021-09-23,1.78,0,1168.49,1168.49
2021-09-24,1.64,0,1168.49,1168.49
2021-09-27,1.71,0,1168.49,1168.49
2021-09-28,1.69,0,1168.49,1168.49
2021-09-29,1.66,0,1168.49,1168.49
2021-09-30,1.72,0,1168.49,1168.49
2021-10-01,1.69,0,1168.49,1168.49
2021-10-04,1.7,0,1168.49,1168.49
2021-10-05,1.74,0,1168.49,1168.49
2021-10-06,1.6,0,1168.49,1168.49
2021-10-07,1.64,0,1168.49,1168.49
2021-10-08,1.55,0,1168.49,1168.49
2021-10-11,1.59,0,1168.49,1168.49
2021-10-12,1.75,0,1168.49,1168.49
2021-10-13,1.84,0,1168.49,1168.49
2021-10-14,1.82,0,1168.49,1168.49
2021-10-15,1.84,0,1168.49,1168.49
2021-10-18,1.91,0,1168.49,1168.49
2021-10-19,1.88,0,1168.49,1168.49
2021-10-20,2.01,0,1168.49,1168.49
2021-10-21,1.93,0,1168.49,1168.49
2021-10-22,1.86,0,1168.49,1168.49
2021-10-25,1.96,0,1168.49,1168.49
2021-10-26,1.91,0,1168.49,1168.49
2021-10-27,1.83,0,1168.49,1168.49
2021-10-28,1.85,0,1168.49,1168.49
2021-10-29,1.74,0,1168.49,1168.49
2021-11-01,1.8,0,1168.49,1168.49
2021-11-02,1.78,0,1168.49,1168.49
2021-11-03,1.87,0,1168.49,1168.49
2021-11-04,1.88,0,1168.49,1168.49
2021-11-05,1.9,0,1168.49,1168.49
2021-11-08,2.1,0,1168.49,1168.49
2021-11-09,2.0,0,1168.49,1168.49
2021-11-10,1.93,0,1168.49,1168.49
2021-11-11,2.05,0,1168.49,1168.49
2021-11-12,1.99,0,1168.49,1168.49
2021-11-15,1.92,0,1168.49,1168.49
2021-11-16,1.84,0,1168.49,1168.49
2021-11-17,1.87,0,1168.49,1168.49
2021-11-18,1.85,0,1168.49,1168.49
2021-11-19,1.69,0,1168.49,1168.49
2021-11-22,1.56,0,1168.49,1168.49
2021-11-23,1.63,0,1168.49,1168.49
2021-11-24,1.64,0,1168.49,1168.49
2021-11-26,1.57,0,1168.49,1168.49
2021-11-29,1.55,0,1168.49,1168.49
2021-11-30,1.49,0,1168.49,1168.49
2021-12-01,1.38,0,1168.49,1168.49
2021-12-02,1.42,0,1168.49,1168.49
2021-12-03,1.3,0,1168.49,1168.49
2021-12-06,1.38,0,1168.49,1168.49
2021-12-07,1.46,0,1168.49,1168.49
2021-12-08,1.47,0,1168.49,1168.49
2021-12-09,1.43,0,1168.49,1168.49
2021-12-10,1.39,0,1168.49,1168.49
2021-12-13,1.32,0,1168.49,1168.49
2021-12-14,1.27,0,1168.49,1168.49
2021-12-15,1.41,0,1168.49,1168.49
2021-12-16,1.33,0,1168.49,1168.49
2021-12-17,1.29,0,1168.49,1168.49
2021-12-20,1.21,0,1168.49,1168.49
2021-12-21,1.33,0,1168.49,1168.49
2021-12-22,1.33,0,1168.49,1168.49
2021-12-23,1.33,0,1168.49,1168.49
2021-12-27,1.38,0,1168.49,1168.49
2021-12-28,1.28,0,1168.49,1168.49
2021-12-29,1.22,0,1168.49,1168.49
2021-12-30,1.22,0,1168.49,1168.49
2021-12-31,1.22,0,1168.49,1168.49
2022-01-03,1.38,0,1168.49,1168.49
2022-01-04,1.38,0,1168.49,1168.49
2022-01-05,1.42,0,1168.49,1168.49
2022-01-06,1.35,0,1168.49,1168.49
2022-01-07,1.45,0,1168.49,1168.49
2022-01-10,1.36,0,1168.49,1168.49
2022-01-11,1.39,0,1168.49,1168.49
2022-01-12,1.36,0,1168.49,1168.49
2022-01-13,1.3,0,1168.49,1168.49
2022-01-14,1.3,0,1168.49,1168.49
2022-01-18,1.23,0,1168.49,1168.49
2022-01-19,1.24,0,1168.49,1168.49
2022-01-20,1.19,0,1168.49,1168.49
2022-01-21,1.14,0,1168.49,1168.49
2022-01-24,1.21,0,1168.49,1168.49
2022-01-25,1.18,0,1168.49,1168.49
2022-01-26,1.12,0,1168.49,1168.49
2022-01-27,1.07,233,918.43,1167.74
2022-01-28,1.11,233,918.43,1177.06
2022-01-31,1.18,233,918.43,1193.37
2022-02-01,1.2,233,918.43,1198.03
2022-02-02,1.19,233,918.43,1195.7
2022-02-03,1.14,233,918.43,1184.05
2022-02-04,1.21,233,918.43,1200.36
2022-02-07,1.19,233,918.43,1195.7
2022-02-08,1.25,233,918.43,1209.68
2022-02-09,1.32,233,918.43,1225.99
2022-02-10,1.26,233,918.43,1212.01
2022-02-11,1.25,233,918.43,1209.68
2022-02-14,1.22,233,918.43,1202.69
2022-02-15,1.27,233,918.43,1214.34
2022-02-16,1.24,233,918.43,1207.35
2022-02-17,1.2,233,918.43,1198.03
2022-02-18,1.16,233,918.43,1188.71
2022-02-22,1.17,233,918.43,1191.04
2022-02-23,1.19,233,918.43,1195.7
2022-02-24,1.31,233,918.43,1223.66
2022-02-25,1.38,233,918.43,1239.97
2022-02-28,1.48,233,918.43,1263.27
2022-03-01,1.56,233,918.43,1281.91
2022-03-02,1.65,164,1031.94,1302.54
2022-03-03,1.65,164,1031.94,1302.54
2022-03-04,1.59,164,1031.94,1292.7
2022-03-07,1.66,164,1031.94,1304.18
2022-03-08,1.76,99,1145.99,1320.23
2022-03-09,1.85,0,1328.59,1328.59
2022-03-10,1.83,0,1328.59,1328.59
2022-03-11,1.74,0,1328.59,1328.59
2022-03-14,1.59,0,1328.59,1328.59
2022-03-15,1.65,0,1328.59,1328.59
2022-03-16,1.57,0,1328.59,1328.59
2022-03-17,1.74,0,1328.59,1328.59
2022-03-18,1.73,0,1328.59,1328.59
2022-03-21,1.76,0,1328.59,1328.59
2022-03-22,1.81,0,1328.59,1328.59
2022-03-23,1.76,0,1328.59,1328.59
2022-03-24,1.77,0,1328.59,1328.59
2022-03-25,1.67,0,1328.59,1328.59
2022-03-28,1.59,0,1328.59,1328.59
2022-03-29,1.62,0,1328.59,1328.59
2022-03-30,1.59,0,1328.59,1328.59
2022-03-31,1.6,0,1328.59,1328.59
2022-04-01,1.6,0,1328.59,1328.59
2022-04-04,1.6,0,1328.59,1328.59
2022-04-05,1.57,0,1328.59,1328.59
2022-04-06,1.66,0,1328.59,1328.59
2022-04-07,1.75,0,1328.59,1328.59
2022-04-08,1.78,0,1328.59,1328.59
2022-04-11,1.77,0,1328.59,1328.59
2022-04-12,1.77,0,1328.59,1328.59
2022-04-13,1.88,0,1328.59,1328.59
2022-04-14,1.84,0,1328.59,1328.59
2022-04-18,1.68,0,1328.59,1328.59
2022-04-19,1.6,0,1328.59,1328.59
2022-04-20,1.72,0,1328.59,1328.59
2022-04-21,1.57,0,1328.59,1328.59
2022-04-22,1.45,0,1328.59,1328.59
2022-04-25,1.4,0,1328.59,1328.59
2022-04-26,1.38,0,1328.59,1328.59
2022-04-27,1.39,0,1328.59,1328.59
2022-04-28,1.42,0,1328.59,1328.59
2022-04-29,1.38,0,1328.59,1328.59
2022-05-02,1.34,0,1328.59,1328.59
2022-05-03,1.39,0,1328.59,1328.59
2022-05-04,1.42,0,1328.59,1328.59
2022-05-05,1.3,0,1328.59,1328.59
2022-05-06,1.29,0,1328.59,1328.59
2022-05-09,1.16,0,1328.59,1328.59
2022-05-10,1.19,0,1328.59,1328.59
2022-05-11,1.08,0,1328.59,1328.59
2022-05-12,1.04,239,1079.29,1327.85
2022-05-13,1.13,239,1079.29,1349.36
2022-05-16,1.15,239,1079.29,1354.14
2022-05-17,1.23,239,1079.29,1373.26
2022-05-18,1.16,239,1079.29,1356.53
2022-05-19,1.15,239,1079.29,1354.14
2022-05-20,1.13,239,1079.29,1349.36
2022-05-23,1.2,239,1079.29,1366.09
2022-05-24,1.18,239,1079.29,1361.31
2022-05-25,1.17,239,1079.29,1358.92
2022-05-26,1.24,239,1079.29,1375.65
2022-05-27,1.25,239,1079.29,1378.04
2022-05-31,1.22,239,1079.29,1370.87
2022-06-01,1.17,239,1079.29,1358.92
2022-06-02,1.33,239,1079.29,1397.16
2022-06-03,1.31,239,1079.29,1392.38
2022-06-06,1.31,239,1079.29,1392.38
2022-06-07,1.45,239,1079.29,1425.84
2022-06-08,1.44,239,1079.29,1423.45
2022-06-09,1.3,239,1079.29,1389.99
2022-06-10,1.26,239,1079.29,1380.43
2022-06-13,1.17,239,1079.29,1358.92
2022-06-14,1.11,239,1079.29,1344.58
2022-06-15,1.14,239,1079.29,1351.75
2022-06-16,1.09,239,1079.29,1339.8
2022-06-17,1.09,239,1079.29,1339.8
2022-06-21,1.13,239,1079.29,1349.36
2022-06-22,1.08,239,1079.29,1337.41
2022-06-23,1.07,239,1079.29,1335.02
2022-06-24,1.2,239,1079.29,1366.09
2022-06-27,1.22,239,1079.29,1370.87
2022-06-28,1.15,239,1079.29,1354.14
2022-06-29,1.08,239,1079.29,1337.41
2022-06-30,1.06,239,1079.29,1332.63
2022-07-01,1.07,239,1079.29,1335.02
2022-07-05,1.03,239,1079.29,1325.46
2022-07-06,1.03,239,1079.29,1325.46
2022-07-07,1.09,239,1079.29,1339.8
2022-07-08,1.09,239,1079.29,1339.8
2022-07-11,1.03,239,1079.29,1325.46
2022-07-12,1.0,239,1079.29,1318.29
2022-07-13,1.01,239,1079.29,1320.68
2022-07-14,1.03,239,1079.29,1325.46
2022-07-15,1.04,239,1079.29,1327.85
2022-07-18,1.07,239,1079.29,1335.02
2022-07-19,1.13,239,1079.29,1349.36
2022-07-20,1.17,239,1079.29,1358.92
2022-07-21,1.1,239,1079.29,1342.19
2022-07-22,1.04,239,1079.29,1327.85
2022-07-25,1.12,239,1079.29,1346.97
2022-07-26,1.16,239,1079.29,1356.53
2022-07-27,1.24,239,1079.29,1375.65
2022-07-28,1.2,239,1079.29,1366.09
2022-07-29,1.19,239,1079.29,1363.7
2022-08-01,1.16,239,1079.29,1356.53
2022-08-02,1.19,239,1079.29,1363.7
2022-08-03,1.19,239,1079.29,1363.7
2022-08-04,1.18,239,1079.29,1361.31
2022-08-05,1.2,239,1079.29,1366.09
2022-08-08,1.18,239,1079.29,1361.31
2022-08-09,1.15,239,1079.29,1354.14
2022-08-10,1.16,239,1079.29,1356.53
2022-08-11,1.22,239,1079.29,1370.87
2022-08-12,1.19,239,1079.29,1363.7
2022-08-15,1.17,239,1079.29,1358.92
2022-08-16,1.17,239,1079.29,1358.92
2022-08-17,1.07,239,1079.29,1335.02
2022-08-18,1.13,239,1079.29,1349.36
2022-08-19,1.08,239,1079.29,1337.41
2022-08-22,1.05,239,1079.29,1330.24
2022-08-23,1.09,239,1079.29,1339.8
2022-08-24,1.29,239,1079.29,1387.6
2022-08-25,1.3,239,1079.29,1389.99
2022-08-26,1.21,239,1079.29,1368.48
2022-08-29,1.36,239,1079.29,1404.33
2022-08-30,1.37,239,1079.29,1406.72
2022-08-31,1.38,239,1079.29,1409.11
2022-09-01,1.29,239,1079.29,1387.6
2022-09-02,1.33,239,1079.29,1397.16
2022-09-06,1.37,239,1079.29,1406.72
2022-09-07,1.4,239,1079.29,1413.89
2022-09-08,1.47,239,1079.29,1430.62
2022-09-09,1.45,239,1079.29,1425.84
2022-09-12,1.42,239,1079.29,1418.67
2022-09-13,1.34,239,1079.29,1399.55
2022-09-14,1.37,239,1079.29,1406.72
2022-09-15,1.27,239,1079.29,1382.82
2022-09-16,1.28,239,1079.29,1385.21
2022-09-19,1.31,239,1079.29,1392.38
2022-09-20,1.25,239,1079.29,1378.04
2022-09-21,1.23,239,1079.29,1373.26
2022-09-22,1.15,239,1079.29,1354.14
2022-09-23,1.1,239,1079.29,1342.19
2022-09-26,1.07,239,1079.29,1335.02
2022-09-27,1.15,239,1079.29,1354.14
2022-09-28,1.21,239,1079.29,1368.48
2022-09-29,1.13,239,1079.29,1349.36
2022-09-30,1.09,239,1079.29,1339.8
2022-10-03,1.17,239,1079.29,1358.92
2022-10-04,1.22,239,1079.29,1370.87
2022-10-05,1.26,239,1079.29,1380.43
2022-10-06,1.18,239,1079.29,1361.31
2022-10-07,1.17,239,1079.29,1358.92
2022-10-10,1.11,239,1079.29,1344.58
2022-10-11,1.1,239,1079.29,1342.19
2022-10-12,1.14,239,1079.29,1351.75
2022-10-13,1.19,239,1079.29,1363.7
2022-10-14,1.12,239,1079.29,1346.97
2022-10-17,1.19,239,1079.29,1363.7
2022-10-18,1.18,239,1079.29,1361.31
2022-10-19,1.18,239,1079.29,1361.31
2022-10-20,1.16,239,1079.29,1356.53
2022-10-21,1.25,239,1079.29,1378.04
2022-10-24,1.23,239,1079.29,1373.26
2022-10-25,1.26,239,1079.29,1380.43
2022-10-26,1.34,239,1079.29,1399.55
2022-10-27,1.27,239,1079.29,1382.82
2022-10-28,1.31,239,1079.29,1392.38
2022-10-31,1.29,239,1079.29,1387.6
2022-11-01,1.27,239,1079.29,1382.82
2022-11-02,1.19,239,1079.29,1363.7
2022-11-03,1.17,239,1079.29,1358.92
2022-11-04,1.24,239,1079.29,1375.65
2022-11-07,1.32,239,1079.29,1394.77
2022-11-08,1.35,239,1079.29,1401.94
2022-11-09,1.29,239,1079.29,1387.6
2022-11-10,1.35,239,1079.29,1401.94
2022-11-11,1.38,239,1079.29,1409.11
2022-11-14,1.33,239,1079.29,1397.16
2022-11-15,1.34,239,1079.29,1399.55
2022-11-16,1.27,239,1079.29,1382.82
2022-11-17,1.25,239,1079.29,1378.04
2022-11-18,1.29,239,1079.29,1387.6
2022-11-21,1.24,239,1079.29,1375.65
2022-11-22,1.26,239,1079.29,1380.43
2022-11-23,1.31,239,1079.29,1392.38
2022-11-25,1.27,239,1079.29,1382.82
2022-11-28,1.22,239,1079.29,1370.87
2022-11-29,1.27,239,1079.29,1382.82
2022-11-30,1.32,239,1079.29,1394.77
2022-12-01,1.28,239,1079.29,1385.21
2022-12-02,1.26,239,1079.29,1380.43
2022-12-05,1.21,239,1079.29,1368.48
2022-12-06,1.12,239,1079.29,1346.97
2022-12-07,1.13,239,1079.29,1349.36
2022-12-08,1.17,239,1079.29,1358.92
2022-12-09,1.16,239,1079.29,1356.53
2022-12-12,1.18,239,1079.29,1361.31
2022-12-13,1.18,239,1079.29,1361.31
2022-12-14,1.16,239,1079.29,1356.53
2022-12-15,1.11,239,1079.29,1344.58
2022-12-16,1.15,239,1079.29,1354.14
2022-12-19,1.11,239,1079.29,1344.58
2022-12-20,1.16,239,1079.29,1356.53
2022-12-21,1.19,239,1079.29,1363.7
2022-12-22,1.16,239,1079.29,1356.53
2022-12-23,1.17,239,1079.29,1358.92
2022-12-27,1.18,239,1079.29,1361.31
2022-12-28,1.13,239,1079.29,1349.36
2022-12-29,1.14,239,1079.29,1351.75
2022-12-30,1.15,239,1079.29,1354.14
2023-01-03,1.14,239,1079.29,1351.75
2023-01-04,1.15,239,1079.29,1354.14
2023-01-05,1.13,239,1079.29,1349.36
2023-01-06,1.2,239,1079.29,1366.09
2023-01-09,1.27,239,1079.29,1382.82
2023-01-10,1.29,239,1079.29,1387.6
2023-01-11,1.28,239,1079.29,1385.21
2023-01-12,1.28,239,1079.29,1385.21
2023-01-13,1.26,239,1079.29,1380.43
2023-01-17,1.22,239,1079.29,1370.87
2023-01-18,1.17,239,1079.29,1358.92
2023-01-19,1.17,239,1079.29,1358.92
2023-01-20,1.25,239,1079.29,1378.04
2023-01-23,1.25,239,1079.29,1378.04
2023-01-24,1.24,239,1079.29,1375.65
2023-01-25,1.27,239,1079.29,1382.82
2023-01-26,1.26,239,1079.29,1380.43
2023-01-27,1.28,239,1079.29,1385.21
2023-01-30,1.33,239,1079.29,1397.16
2023-01-31,1.31,239,1079.29,1392.38
2023-02-01,1.35,239,1079.29,1401.94
2023-02-02,1.3,239,1079.29,1389.99
2023-02-03,1.25,239,1079.29,1378.04
2023-02-06,1.21,239,1079.29,1368.48
2023-02-07,1.24,239,1079.29,1375.65
2023-02-08,1.2,239,1079.29,1366.09
2023-02-09,1.2,239,1079.29,1366.09
2023-02-10,1.24,239,1079.29,1375.65
2023-02-13,1.25,239,1079.29,1378.04
2023-02-14,1.25,239,1079.29,1378.04
2023-02-15,1.31,239,1079.29,1392.38
2023-02-16,1.15,239,1079.29,1354.14
2023-02-17,1.14,239,1079.29,1351.75
2023-02-21,1.06,239,1079.29,1332.63
2023-02-22,1.06,239,1079.29,1332.63
2023-02-23,1.08,239,1079.29,1337.41
2023-02-24,1.05,239,1079.29,1330.24
2023-02-27,1.07,239,1079.29,1335.02
2023-02-28,1.07,239,1079.29,1335.02
2023-03-01,1.09,239,1079.29,1339.8
2023-03-02,1.1,239,1079.29,1342.19
2023-03-03,1.1,239,1079.29,1342.19
2023-03-06,1.08,239,1079.29,1337.41
2023-03-07,1.07,239,1079.29,1335.02
2023-03-08,1.06,239,1079.29,1332.63
2023-03-09,1.08,239,1079.29,1337.41
2023-03-10,1.04,239,1079.29,1327.85
2023-03-13,1.04,239,1079.29,1327.85
2023-03-14,1.02,239,1079.29,1323.07
2023-03-15,0.96,602,729.76,1307.68
2023-03-16,0.95,602,729.76,1301.66
2023-03-17,0.94,602,729.76,1295.64
2023-03-20,0.91,602,729.76,1277.58
2023-03-21,0.93,602,729.76,1289.62
2023-03-22,0.91,602,729.76,1277.58
2023-03-23,0.9,602,729.76,1271.56
2023-03-24,0.86,602,729.76,1247.48
2023-03-27,0.89,602,729.76,1265.54
2023-03-28,0.93,602,729.76,1289.62
2023-03-29,0.95,602,729.76,1301.66
2023-03-30,0.99,602,729.76,1325.74
2023-03-31,1.06,602,729.76,1367.88
2023-04-03,1.01,602,729.76,1337.78
2023-04-04,0.97,602,729.76,1313.7
2023-04-05,0.92,602,729.76,1283.6
2023-04-06,0.92,602,729.76,1283.6
2023-04-10,0.91,602,729.76,1277.58
2023-04-11,0.91,602,729.76,1277.58
2023-04-12,0.92,602,729.76,1283.6
2023-04-13,0.96,602,729.76,1307.68
2023-04-14,0.95,602,729.76,1301.66
2023-04-17,0.91,602,729.76,1277.58
2023-04-18,0.92,602,729.76,1283.6
2023-04-19,0.91,602,729.76,1277.58
2023-04-20,0.91,602,729.76,1277.58
2023-04-21,0.88,602,729.76,1259.52
2023-04-24,0.83,1082,330.17,1228.23
2023-04-25,0.83,1082,330.17,1228.23
2023-04-26,0.88,1082,330.17,1282.33
2023-04-27,0.9,1082,330.17,1303.97
2023-04-28,0.93,1082,330.17,1336.43
2023-05-01,0.87,1082,330.17,1271.51
2023-05-02,0.87,1082,330.17,1271.51
2023-05-03,0.86,1082,330.17,1260.69
2023-05-04,0.87,1082,330.17,1271.51
2023-05-05,0.95,1082,330.17,1358.07
2023-05-08,0.94,1082,330.17,1347.25
2023-05-09,1.01,1082,330.17,1422.99
2023-05-10,0.99,1082,330.17,1401.35
2023-05-11,0.98,1082,330.17,1390.53
2023-05-12,0.98,1082,330.17,1390.53
2023-05-15,0.98,1082,330.17,1390.53
2023-05-16,0.9,1082,330.17,1303.97
2023-05-17,0.91,1082,330.17,1314.79
2023-05-18,0.96,1082,330.17,1368.89
2023-05-19,0.95,1082,330.17,1358.07
2023-05-22,0.99,1082,330.17,1401.35
2023-05-23,0.96,1082,330.17,1368.89
2023-05-24,0.91,1082,330.17,1314.79
2023-05-25,0.91,1082,330.17,1314.79
2023-05-26,0.92,1082,330.17,1325.61
2023-05-30,0.87,1082,330.17,1271.51
2023-05-31,0.9,1082,330.17,1303.97
2023-06-01,0.97,1082,330.17,1379.71
2023-06-02,1.01,1082,330.17,1422.99
2023-06-05,1.07,1082,330.17,1487.91
2023-06-06,1.05,1082,330.17,1466.27
2023-06-07,1.03,1082,330.17,1444.63
2023-06-08,1.07,1082,330.17,1487.91
2023-06-09,1.06,1082,330.17,1477.09
2023-06-12,1.07,1082,330.17,1487.91
2023-06-13,1.08,1082,330.17,1498.73
2023-06-14,1.05,1082,330.17,1466.27
2023-06-15,1.05,1082,330.17,1466.27
2023-06-16,1.11,1082,330.17,1531.19
2023-06-20,1.03,1082,330.17,1444.63
2023-06-21,1.04,1082,330.17,1455.45
2023-06-22,1.03,1082,330.17,1444.63
2023-06-23,1.01,1082,330.17,1422.99
2023-06-26,1.03,1082,330.17,1444.63
2023-06-27,1.02,1082,330.17,1433.81
2023-06-28,1.03,1082,330.17,1444.63
2023-06-29,1.04,1082,330.17,1455.45
2023-06-30,1.05,1082,330.17,1466.27
2023-07-03,1.05,1082,330.17,1466.27
2023-07-05,1.02,1082,330.17,1433.81
2023-07-06,0.94,1082,330.17,1347.25
2023-07-07,0.95,1082,330.17,1358.07
2023-07-10,0.95,1082,330.17,1358.07
2023-07-11,0.95,1082,330.17,1358.07
2023-07-12,0.95,1082,330.17,1358.07
2023-07-13,1.0,1082,330.17,1412.17
2023-07-14,0.98,1082,330.17,1390.53
2023-07-17,0.97,1082,330.17,1379.71
2023-07-18,0.99,1082,330.17,1401.35
2023-07-19,1.0,1082,330.17,1412.17
2023-07-20,1.0,1082,330.17,1412.17
2023-07-21,0.99,1082,330.17,1401.35
2023-07-24,0.98,1082,330.17,1390.53
2023-07-25,1.02,1082,330.17,1433.81
2023-07-26,1.02,1082,330.17,1433.81
2023-07-27,1.0,1082,330.17,1412.17
2023-07-28,1.01,1082,330.17,1422.99
2023-07-31,1.05,1082,330.17,1466.27
2023-08-01,1.06,1082,330.17,1477.09
2023-08-02,1.06,1082,330.17,1477.09
2023-08-03,1.06,1082,330.17,1477.09
2023-08-04,1.05,1082,330.17,1466.27
2023-08-07,1.05,1082,330.17,1466.27
2023-08-08,1.09,1082,330.17,1509.55
2023-08-09,1.13,1082,330.17,1552.83
2023-08-10,1.1,1082,330.17,1520.37
2023-08-11,1.18,1082,330.17,1606.93
2023-08-14,1.18,1082,330.17,1606.93
2023-08-15,1.11,1082,330.17,1531.19
2023-08-16,1.12,1082,330.17,1542.01
2023-08-17,1.13,1082,330.17,1552.83
2023-08-18,1.17,1082,330.17,1596.11
2023-08-21,1.24,1082,330.17,1671.85
2023-08-22,1.22,1082,330.17,1650.21
2023-08-23,1.26,1082,330.17,1693.49
2023-08-24,1.24,1082,330.17,1671.85
2023-08-25,1.27,1082,330.17,1704.31
2023-08-28,1.28,1082,330.17,1715.13
2023-08-29,1.3,1082,330.17,1736.77
2023-08-30,1.32,1082,330.17,1758.41
2023-08-31,1.31,1082,330.17,1747.59
2023-09-01,1.35,1082,330.17,1790.87
2023-09-05,1.41,1082,330.17,1855.79
2023-09-06,1.42,1082,330.17,1866.61
2023-09-07,1.42,1082,330.17,1866.61
2023-09-08,1.44,1082,330.17,1888.25
2023-09-11,1.47,1082,330.17,1920.71
2023-09-12,1.45,1082,330.17,1899.07
2023-09-13,1.52,1082,330.17,1974.81
2023-09-14,1.57,1082,330.17,2028.91
2023-09-15,1.53,1082,330.17,1985.63
2023-09-18,1.55,1082,330.17,2007.27
2023-09-19,1.48,1082,330.17,1931.53
2023-09-20,1.46,1082,330.17,1909.89
2023-09-21,1.46,1082,330.17,1909.89
2023-09-22,1.57,1082,330.17,2028.91
2023-09-25,1.65,758,863.16,2113.86
2023-09-26,1.58,758,863.16,2060.8
2023-09-27,1.58,758,863.16,2060.8
2023-09-28,1.66,758,863.16,2121.44
2023-09-29,1.54,758,863.16,2030.48
2023-10-02,1.42,758,863.16,1939.52
2023-10-03,1.44,758,863.16,1954.68
2023-10-04,1.39,758,863.16,1916.78
2023-10-05,1.46,758,863.16,1969.84
2023-10-06,1.52,758,863.16,2015.32
2023-10-09,1.49,758,863.16,1992.58
2023-10-10,1.55,758,863.16,2038.06
2023-10-11,1.49,758,863.16,1992.58
2023-10-12,1.44,758,863.16,1954.68
2023-10-13,1.49,758,863.16,1992.58
2023-10-16,1.48,758,863.16,1985.0
2023-10-17,1.49,758,863.16,1992.58
2023-10-18,1.48,758,863.16,1985.0
2023-10-19,1.5,758,863.16,2000.16
2023-10-20,1.55,758,863.16,2038.06
2023-10-23,1.55,758,863.16,2038.06
2023-10-24,1.59,758,863.16,2068.38
2023-10-25,1.6,758,863.16,2075.96
2023-10-26,1.56,758,863.16,2045.64
2023-10-27,1.5,758,863.16,2000.16
2023-10-30,1.58,758,863.16,2060.8
2023-10-31,1.63,758,863.16,2098.7
2023-11-01,1.64,758,863.16,2106.28
2023-11-02,1.66,758,863.16,2121.44
2023-11-03,1.58,758,863.16,2060.8
2023-11-06,1.53,758,863.16,2022.9
2023-11-07,1.53,758,863.16,2022.9
2023-11-08,1.53,758,863.16,2022.9
2023-11-09,1.54,758,863.16,2030.48
2023-11-10,1.56,758,863.16,2045.64
2023-11-13,1.6,758,863.16,2075.96
2023-11-14,1.62,758,863.16,2091.12
2023-11-15,1.59,758,863.16,2068.38
2023-11-16,1.62,758,863.16,2091.12
2023-11-17,1.65,758,863.16,2113.86
2023-11-20,1.69,758,863.16,2144.18
2023-11-21,1.66,758,863.16,2121.44
2023-11-22,1.64,758,863.16,2106.28
2023-11-24,1.66,758,863.16,2121.44
2023-11-27,1.68,758,863.16,2136.6
2023-11-28,1.62,758,863.16,2091.12
2023-11-29,1.55,758,863.16,2038.06
2023-11-30,1.6,758,863.16,2075.96
2023-12-01,1.57,758,863.16,2053.22
2023-12-04,1.6,758,863.16,2075.96
2023-12-05,1.54,758,863.16,2030.48
2023-12-06,1.54,758,863.16,2030.48
2023-12-07,1.54,758,863.16,2030.48
2023-12-08,1.56,758,863.16,2045.64
2023-12-11,1.54,758,863.16,2030.48
2023-12-12,1.57,758,863.16,2053.22
2023-12-13,1.54,758,863.16,2030.48
2023-12-14,1.59,758,863.16,2068.38
2023-12-15,1.49,758,863.16,1992.58
2023-12-18,1.53,758,863.16,2022.9
2023-12-19,1.46,758,863.16,1969.84
2023-12-20,1.47,758,863.16,1977.42
2023-12-21,1.55,758,863.16,2038.06
2023-12-22,1.56,758,863.16,2045.64
2023-12-26,1.57,758,863.16,2053.22
2023-12-27,1.54,758,863.16,2030.48
2023-12-28,1.49,758,863.16,1992.58
2023-12-29,1.54,758,863.16,2030.48
2024-01-02,1.5,758,863.16,2000.16
2024-01-03,1.5,758,863.16,2000.16
2024-01-04,1.5,758,863.16,2000.16
2024-01-05,1.46,758,863.16,1969.84
2024-01-08,1.51,758,863.16,2007.74
2024-01-09,1.57,758,863.16,2053.22
2024-01-10,1.6,758,863.16,2075.96
2024-01-11,1.63,758,863.16,2098.7
2024-01-12,1.73,455,1385.78,2172.93
2024-01-16,1.75,455,1385.78,2182.03
2024-01-17,1.76,455,1385.78,2186.58
2024-01-18,1.75,455,1385.78,2182.03
2024-01-19,1.72,455,1385.78,2168.38
2024-01-22,1.73,455,1385.78,2172.93
2024-01-23,1.77,455,1385.78,2191.13
2024-01-24,1.78,455,1385.78,2195.68
2024-01-25,1.71,455,1385.78,2163.83
2024-01-26,1.75,455,1385.78,2182.03
2024-01-29,1.76,455,1385.78,2186.58
2024-01-30,1.85,0,2225.01,2225.01
2024-01-31,1.84,0,2225.01,2225.01
2024-02-01,1.97,0,2225.01,2225.01
2024-02-02,2.01,0,2225.01,2225.01
2024-02-05,1.98,0,2225.01,2225.01
2024-02-06,1.95,0,2225.01,2225.01
2024-02-07,1.9,0,2225.01,2225.01
2024-02-08,1.86,0,2225.01,2225.01
2024-02-09,1.8,0,2225.01,2225.01
2024-02-12,1.85,0,2225.01,2225.01
2024-02-13,1.79,0,2225.01,2225.01
2024-02-14,1.74,0,2225.01,2225.01
2024-02-15,1.7,0,2225.01,2225.01
2024-02-16,1.7,0,2225.01,2225.01
2024-02-20,1.63,0,2225.01,2225.01
2024-02-21,1.62,0,2225.01,2225.01
2024-02-22,1.59,0,2225.01,2225.01
2024-02-23,1.59,0,2225.01,2225.01
2024-02-26,1.6,0,2225.01,2225.01
2024-02-27,1.63,0,2225.01,2225.01
2024-02-28,1.57,0,2225.01,2225.01
2024-02-29,1.59,0,2225.01,2225.01
2024-03-01,1.67,0,2225.01,2225.01
2024-03-04,1.59,0,2225.01,2225.01
2024-03-05,1.56,0,2225.01,2225.01
2024-03-06,1.58,0,2225.01,2225.01
2024-03-07,1.67,0,2225.01,2225.01
2024-03-08,1.57,0,2225.01,2225.01
2024-03-11,1.53,0,2225.01,2225.01
2024-03-12,1.51,0,2225.01,2225.01
2024-03-13,1.48,0,2225.01,2225.01
2024-03-14,1.45,0,2225.01,2225.01
2024-03-15,1.47,0,2225.01,2225.01
2024-03-18,1.48,0,2225.01,2225.01
2024-03-19,1.49,0,2225.01,2225.01
2024-03-20,1.57,0,2225.01,2225.01
2024-03-21,1.6,0,2225.01,2225.01
2024-03-22,1.59,0,2225.01,2225.01
2024-03-25,1.59,0,2225.01,2225.01
2024-03-26,1.59,0,2225.01,2225.01
2024-03-27,1.58,0,2225.01,2225.01
2024-03-28,1.6,0,2225.01,2225.01
2024-04-01,1.66,0,2225.01,2225.01
2024-04-02,1.67,0,2225.01,2225.01
2024-04-03,1.78,0,2225.01,2225.01
2024-04-04,1.72,0,2225.01,2225.01
2024-04-05,1.77,0,2225.01,2225.01
2024-04-08,1.73,0,2225.01,2225.01
2024-04-09,1.71,0,2225.01,2225.01
2024-04-10,1.71,0,2225.01,2225.01
2024-04-11,1.77,0,2225.01,2225.01
2024-04-12,1.69,0,2225.01,2225.01
2024-04-15,1.69,0,2225.01,2225.01
2024-04-16,1.66,0,2225.01,2225.01
2024-04-17,1.69,0,2225.01,2225.01
2024-04-18,1.71,0,2225.01,2225.01
2024-04-19,1.69,0,2225.01,2225.01
2024-04-22,1.65,0,2225.01,2225.01
2024-04-23,1.69,0,2225.01,2225.01
2024-04-24,1.61,0,2225.01,2225.01
2024-04-25,1.63,0,2225.01,2225.01
2024-04-26,1.69,0,2225.01,2225.01
2024-04-29,1.75,0,2225.01,2225.01
2024-04-30,1.67,0,2225.01,2225.01
2024-05-01,1.75,0,2225.01,2225.01
2024-05-02,1.79,0,2225.01,2225.01
2024-05-03,1.81,0,2225.01,2225.01
2024-05-06,1.8,0,2225.01,2225.01
2024-05-07,1.79,0,2225.01,2225.01
2024-05-08,1.74,0,2225.01,2225.01
2024-05-09,1.8,0,2225.01,2225.01
2024-05-10,1.74,0,2225.01,2225.01
2024-05-13,1.72,0,2225.01,2225.01
2024-05-14,1.75,0,2225.01,2225.01
2024-05-15,1.74,0,2225.01,2225.01
2024-05-16,1.72,0,2225.01,2225.01
2024-05-17,1.78,0,2225.01,2225.01
2024-05-20,1.84,0,2225.01,2225.01
2024-05-21,1.83,0,2225.01,2225.01
2024-05-22,1.73,0,2225.01,2225.01
2024-05-23,1.71,0,2225.01,2225.01
2024-05-24,1.76,0,2225.01,2225.01
2024-05-28,1.8,0,2225.01,2225.01
2024-05-29,1.79,0,2225.01,2225.01
2024-05-30,1.79,0,2225.01,2225.01
2024-05-31,1.8,0,2225.01,2225.01
2024-06-03,1.71,0,2225.01,2225.01
2024-06-04,1.64,0,2225.01,2225.01
2024-06-05,1.59,0,2225.01,2225.01
2024-06-06,1.58,0,2225.01,2225.01
2024-06-07,1.51,0,2225.01,2225.01
2024-06-10,1.54,0,2225.01,2225.01
2024-06-11,1.46,0,2225.01,2225.01
2024-06-12,1.49,0,2225.01,2225.01
2024-06-13,1.51,0,2225.01,2225.01
2024-06-14,1.48,0,2225.01,2225.01
2024-06-17,1.45,0,2225.01,2225.01
2024-06-18,1.45,0,2225.01,2225.01
2024-06-20,1.45,0,2225.01,2225.01
2024-06-21,1.41,0,2225.01,2225.01
2024-06-24,1.37,0,2225.01,2225.01
2024-06-25,1.28,0,2225.01,2225.01
2024-06-26,1.41,0,2225.01,2225.01
2024-06-27,1.42,0,2225.01,2225.01
2024-06-28,1.4,0,2225.01,2225.01
2024-07-01,1.41,0,2225.01,2225.01
2024-07-02,1.35,0,2225.01,2225.01
2024-07-03,1.38,0,2225.01,2225.01
2024-07-05,1.36,0,2225.01,2225.01
2024-07-08,1.36,0,2225.01,2225.01
2024-07-09,1.38,0,2225.01,2225.01
2024-07-10,1.47,0,2225.01,2225.01
2024-07-11,1.5,0,2225.01,2225.01
2024-07-12,1.5,0,2225.01,2225.01
2024-07-15,1.5,0,2225.01,2225.01
2024-07-16,1.49,0,2225.01,2225.01
2024-07-17,1.42,0,2225.01,2225.01
2024-07-18,1.36,0,2225.01,2225.01
2024-07-19,1.35,0,2225.01,2225.01
2024-07-22,1.35,0,2225.01,2225.01
2024-07-23,1.38,0,2225.01,2225.01
2024-07-24,1.32,0,2225.01,2225.01
2024-07-25,1.3,0,2225.01,2225.01
2024-07-26,1.18,0,2225.01,2225.01
2024-07-29,1.19,0,2225.01,2225.01
2024-07-30,1.2,0,2225.01,2225.01
2024-07-31,1.24,0,2225.01,2225.01
2024-08-01,1.11,0,2225.01,2225.01
2024-08-02,1.05,237,1975.41,2224.26
2024-08-05,1.01,237,1975.41,2214.78
2024-08-06,0.96,600,1625.88,2201.88
2024-08-07,0.98,600,1625.88,2213.88
2024-08-08,1.01,600,1625.88,2231.88
2024-08-09,1.01,600,1625.88,2231.88
2024-08-12,0.99,600,1625.88,2219.88
2024-08-13,1.02,600,1625.88,2237.88
2024-08-14,1.07,600,1625.88,2267.88
2024-08-15,1.06,600,1625.88,2261.88
2024-08-16,1.06,600,1625.88,2261.88
2024-08-19,1.09,600,1625.88,2279.88
2024-08-20,1.05,600,1625.88,2255.88
2024-08-21,1.09,600,1625.88,2279.88
2024-08-22,1.04,600,1625.88,2249.88
2024-08-23,1.16,600,1625.88,2321.88
2024-08-26,1.14,600,1625.88,2309.88
2024-08-27,1.16,600,1625.88,2321.88
2024-08-28,1.09,600,1625.88,2279.88
2024-08-29,1.15,600,1625.88,2315.88
2024-08-30,1.17,600,1625.88,2327.88
2024-09-03,1.08,600,1625.88,2273.88
2024-09-04,1.09,600,1625.88,2279.88
2024-09-05,1.07,600,1625.88,2267.88
2024-09-06,1.05,600,1625.88,2255.88
2024-09-09,1.09,600,1625.88,2279.88
2024-09-10,1.09,600,1625.88,2279.88
2024-09-11,1.17,600,1625.88,2327.88
2024-09-12,1.18,600,1625.88,2333.88
2024-09-13,1.16,600,1625.88,2321.88
2024-09-16,1.13,600,1625.88,2303.88
2024-09-17,1.14,600,1625.88,2309.88
2024-09-18,1.18,600,1625.88,2333.88
2024-09-19,1.18,600,1625.88,2333.88
2024-09-20,1.18,600,1625.88,2333.88
2024-09-23,1.2,600,1625.88,2345.88
2024-09-24,1.24,600,1625.88,2369.88
2024-09-25,1.23,600,1625.88,2363.88
2024-09-26,1.19,600,1625.88,2339.88
2024-09-27,1.17,600,1625.88,2327.88
2024-09-30,1.19,600,1625.88,2339.88
2024-10-01,1.21,600,1625.88,2351.88
2024-10-02,1.21,600,1625.88,2351.88
2024-10-03,1.19,600,1625.88,2339.88
2024-10-04,1.22,600,1625.88,2357.88
2024-10-07,1.21,600,1625.88,2351.88
2024-10-08,1.19,600,1625.88,2339.88
2024-10-09,1.15,600,1625.88,2315.88
2024-10-10,1.17,600,1625.88,2327.88
2024-10-11,1.18,600,1625.88,2333.88
2024-10-14,1.19,600,1625.88,2339.88
2024-10-15,1.18,600,1625.88,2333.88
2024-10-16,1.26,600,1625.88,2381.88
2024-10-17,1.29,600,1625.88,2399.88
2024-10-18,1.33,600,1625.88,2423.88
2024-10-21,1.3,600,1625.88,2405.88
2024-10-22,1.29,600,1625.88,2399.88
2024-10-23,1.27,600,1625.88,2387.88
2024-10-24,1.29,600,1625.88,2399.88
2024-10-25,1.28,600,1625.88,2393.88
2024-10-28,1.33,600,1625.88,2423.88
2024-10-29,1.3,600,1625.88,2405.88
2024-10-30,1.3,600,1625.88,2405.88
2024-10-31,1.27,600,1625.88,2387.88
2024-11-01,1.24,600,1625.88,2369.88
2024-11-04,1.22,600,1625.88,2357.88
2024-11-05,1.19,600,1625.88,2339.88
2024-11-06,1.22,600,1625.88,2357.88
2024-11-07,1.2,600,1625.88,2345.88
2024-11-08,1.19,600,1625.88,2339.88
2024-11-11,1.17,600,1625.88,2327.88
2024-11-12,1.17,600,1625.88,2327.88
2024-11-13,1.19,600,1625.88,2339.88
2024-11-14,1.24,600,1625.88,2369.88
2024-11-15,1.25,600,1625.88,2375.88
2024-11-18,1.33,600,1625.88,2423.88
2024-11-19,1.39,600,1625.88,2459.88
2024-11-20,1.33,600,1625.88,2423.88
2024-11-21,1.36,600,1625.88,2441.88
2024-11-22,1.33,600,1625.88,2423.88
2024-11-25,1.3,600,1625.88,2405.88
2024-11-26,1.28,600,1625.88,2393.88
2024-11-27,1.27,600,1625.88,2387.88
2024-11-29,1.31,600,1625.88,2411.88
2024-12-02,1.27,600,1625.88,2387.88
2024-12-03,1.29,600,1625.88,2399.88
2024-12-04,1.24,600,1625.88,2369.88
2024-12-05,1.3,600,1625.88,2405.88
2024-12-06,1.26,600,1625.88,2381.88
2024-12-09,1.21,600,1625.88,2351.88
2024-12-10,1.25,600,1625.88,2375.88
2024-12-11,1.25,600,1625.88,2375.88
2024-12-12,1.26,600,1625.88,2381.88
2024-12-13,1.22,600,1625.88,2357.88
2024-12-16,1.22,600,1625.88,2357.88
2024-12-17,1.16,600,1625.88,2321.88
2024-12-18,1.1,600,1625.88,2285.88
2024-12-19,1.13,600,1625.88,2303.88
2024-12-20,1.15,600,1625.88,2315.88
2024-12-23,1.14,600,1625.88,2309.88
2024-12-24,1.15,600,1625.88,2315.88
2024-12-26,1.15,600,1625.88,2315.88
2024-12-27,1.14,600,1625.88,2309.88
2024-12-30,1.13,600,1625.88,2303.88
2024-12-31,1.15,600,1625.88,2315.88
2025-01-02,1.26,600,1625.88,2381.88
2025-01-03,1.21,600,1625.88,2351.88
2025-01-06,1.18,600,1625.88,2333.88
2025-01-07,1.14,600,1625.88,2309.88
2025-01-08,1.14,600,1625.88,2309.88
2025-01-10,1.15,600,1625.88,2315.88
2025-01-13,1.13,600,1625.88,2303.88
2025-01-14,1.11,600,1625.88,2291.88
2025-01-15,1.14,600,1625.88,2309.88
2025-01-16,1.11,600,1625.88,2291.88
2025-01-17,1.11,600,1625.88,2291.88
2025-01-21,1.12,600,1625.88,2297.88
2025-01-22,1.23,600,1625.88,2363.88
2025-01-23,1.25,600,1625.88,2375.88
2025-01-24,1.26,600,1625.88,2381.88
2025-01-27,1.1,600,1625.88,2285.88
2025-01-28,1.1,600,1625.88,2285.88
2025-01-29,1.13,600,1625.88,2303.88
2025-01-30,1.12,600,1625.88,2297.88
2025-01-31,1.05,600,1625.88,2255.88
2025-02-03,1.04,600,1625.88,2249.88
2025-02-04,1.09,600,1625.88,2279.88
2025-02-05,1.07,600,1625.88,2267.88
2025-02-06,1.01,600,1625.88,2231.88
2025-02-07,1.0,600,1625.88,2225.88
2025-02-10,1.0,600,1625.88,2225.88
2025-02-11,1.02,600,1625.88,2237.88
2025-02-12,1.01,600,1625.88,2231.88
2025-02-13,1.0,600,1625.88,2225.88
2025-02-14,0.98,600,1625.88,2213.88
2025-02-18,0.96,600,1625.88,2201.88
2025-02-19,0.97,600,1625.88,2207.88
2025-02-20,0.96,600,1625.88,2201.88
2025-02-21,0.94,600,1625.88,2189.88
2025-02-24,0.96,600,1625.88,2201.88
2025-02-25,0.92,600,1625.88,2177.88
2025-02-26,0.95,600,1625.88,2195.88
2025-02-27,0.95,600,1625.88,2195.88
2025-02-28,0.96,600,1625.88,2201.88
2025-03-03,0.82,1086,1226.17,2116.69
2025-03-04,0.87,1086,1226.17,2170.99
2025-03-05,0.86,1086,1226.17,2160.13
2025-03-06,0.86,1086,1226.17,2160.13
2025-03-07,0.83,1086,1226.17,2127.55
2025-03-10,0.74,1086,1226.17,2029.81
2025-03-11,0.83,1086,1226.17,2127.55
2025-03-12,0.81,1086,1226.17,2105.83
2025-03-13,0.78,1086,1226.17,2073.25
2025-03-14,0.81,1086,1226.17,2105.83
2025-03-17,0.82,1086,1226.17,2116.69
2025-03-18,0.82,1086,1226.17,2116.69
2025-03-19,0.85,1086,1226.17,2149.27
2025-03-20,0.95,1086,1226.17,2257.87
2025-03-21,0.9,1086,1226.17,2203.57
2025-03-24,0.86,1086,1226.17,2160.13
2025-03-25,0.78,1086,1226.17,2073.25
2025-03-26,0.75,1086,1226.17,2040.67
2025-03-27,0.72,1086,1226.17,2008.09
2025-03-28,0.66,1086,1226.17,1942.93
2025-03-31,0.67,1086,1226.17,1953.79
2025-04-01,0.66,1086,1226.17,1942.93
2025-04-02,0.69,1086,1226.17,1975.51
2025-04-03,0.63,1086,1226.17,1910.35
2025-04-04,0.6,1086,1226.17,1877.77
2025-04-07,0.59,1086,1226.17,1866.91
2025-04-08,0.56,1086,1226.17,1834.33
2025-04-09,0.61,1086,1226.17,1888.63
2025-04-10,0.62,1086,1226.17,1899.49
2025-04-11,0.68,1086,1226.17,1964.65
2025-04-14,0.66,1086,1226.17,1942.93
2025-04-15,0.62,1086,1226.17,1899.49
2025-04-16,0.67,1086,1226.17,1953.79
2025-04-17,0.71,1086,1226.17,1997.23
2025-04-21,0.66,1086,1226.17,1942.93
2025-04-22,0.73,1086,1226.17,2018.95
2025-04-23,0.76,1086,1226.17,2051.53
2025-04-24,0.77,1086,1226.17,2062.39
2025-04-25,0.77,1086,1226.17,2062.39
2025-04-28,0.77,1086,1226.17,2062.39
2025-04-29,0.75,1086,1226.17,2040.67
2025-04-30,0.75,1086,1226.17,2040.67
2025-05-01,0.75,1086,1226.17,2040.67
2025-05-02,0.78,1086,1226.17,2073.25
2025-05-05,0.72,1086,1226.17,2008.09
2025-05-06,0.72,1086,1226.17,2008.09
2025-05-07,0.7,1086,1226.17,1986.37
2025-05-08,0.69,1086,1226.17,1975.51
2025-05-09,0.71,1086,1226.17,1997.23
2025-05-12,0.72,1086,1226.17,2008.09
2025-05-13,0.73,1086,1226.17,2018.95
2025-05-14,0.73,1086,1226.17,2018.95
2025-05-15,0.7,1086,1226.17,1986.37
2025-05-16,0.71,1086,1226.17,1997.23
2025-05-19,0.69,1086,1226.17,1975.51
2025-05-20,0.7,1086,1226.17,1986.37
2025-05-21,0.71,1086,1226.17,1997.23
2025-05-22,0.71,1086,1226.17,1997.23
2025-05-23,0.87,1086,1226.17,2170.99
2025-05-27,0.93,1086,1226.17,2236.15
2025-05-28,0.91,1086,1226.17,2214.43
2025-05-29,0.84,1086,1226.17,2138.41
2025-05-30,0.82,1086,1226.17,2116.69
2025-06-02,0.75,1086,1226.17,2040.67
2025-06-03,0.81,1086,1226.17,2105.83
2025-06-04,0.83,1086,1226.17,2127.55
2025-06-05,0.83,1086,1226.17,2127.55
2025-06-06,0.84,1086,1226.17,2138.41
2025-06-09,0.98,1086,1226.17,2290.45
2025-06-10,0.95,1086,1226.17,2257.87
2025-06-11,0.96,1086,1226.17,2268.73
2025-06-12,0.93,1086,1226.17,2236.15
2025-06-13,0.95,1086,1226.17,2257.87
2025-06-16,1.09,1086,1226.17,2409.91
2025-06-17,1.08,1086,1226.17,2399.05
2025-06-18,1.13,1086,1226.17,2453.35
2025-06-20,1.02,1086,1226.17,2333.89
2025-06-23,1.05,1086,1226.17,2366.47
2025-06-24,1.05,1086,1226.17,2366.47
2025-06-25,1.02,1086,1226.17,2333.89
2025-06-26,1.07,1086,1226.17,2388.19
2025-06-27,1.0,1086,1226.17,2312.17
2025-06-30,1.05,1086,1226.17,2366.47
2025-07-01,1.05,1086,1226.17,2366.47
2025-07-02,1.07,1086,1226.17,2388.19
2025-07-03,1.09,1086,1226.17,2409.91
2025-07-07,1.1,1086,1226.17,2420.77
2025-07-08,1.08,1086,1226.17,2399.05
2025-07-09,1.06,1086,1226.17,2377.33
2025-07-10,1.12,1086,1226.17,2442.49
2025-07-11,1.15,1086,1226.17,2475.07
2025-07-14,1.18,1086,1226.17,2507.65
2025-07-15,1.29,1086,1226.17,2627.11
2025-07-16,1.34,1086,1226.17,2681.41
2025-07-17,1.33,1086,1226.17,2670.55
2025-07-18,1.35,1086,1226.17,2692.27
2025-07-21,1.36,1086,1226.17,2703.13
2025-07-22,1.38,1086,1226.17,2724.85
2025-07-23,1.36,1086,1226.17,2703.13
2025-07-24,1.35,1086,1226.17,2692.27
2025-07-25,1.4,1086,1226.17,2746.57
2025-07-28,1.41,1086,1226.17,2757.43
2025-07-29,1.28,1086,1226.17,2616.25
2025-07-30,1.23,1086,1226.17,2561.95
2025-07-31,1.21,1086,1226.17,2540.23
2025-08-01,1.16,1086,1226.17,2485.93
2025-08-04,1.23,1086,1226.17,2561.95
2025-08-05,1.25,1086,1226.17,2583.67
2025-08-06,1.25,1086,1226.17,2583.67
2025-08-07,1.22,1086,1226.17,2551.09
2025-08-08,1.22,1086,1226.17,2551.09
2025-08-11,1.21,1086,1226.17,2540.23
2025-08-12,1.21,1086,1226.17,2540.23
2025-08-13,1.19,1086,1226.17,2518.51
2025-08-14,1.2,1086,1226.17,2529.37
2025-08-15,1.18,1086,1226.17,2507.65
2025-08-18,1.29,1086,1226.17,2627.11
2025-08-19,1.22,1086,1226.17,2551.09
2025-08-20,1.18,1086,1226.17,2507.65
2025-08-21,1.24,1086,1226.17,2572.81
2025-08-22,1.34,1086,1226.17,2681.41
2025-08-25,1.35,1086,1226.17,2692.27
2025-08-26,1.4,1086,1226.17,2746.57
2025-08-27,1.36,1086,1226.17,2703.13
2025-08-28,1.39,1086,1226.17,2735.71
2025-08-29,1.39,1086,1226.17,2735.71
2025-09-02,1.37,1086,1226.17,2713.99
2025-09-03,1.56,1086,1226.17,2920.33
2025-09-04,1.55,1086,1226.17,2909.47
2025-09-05,1.47,1086,1226.17,2822.59
2025-09-08,1.45,1086,1226.17,2800.87
2025-09-09,1.47,1086,1226.17,2822.59
2025-09-10,1.5,1086,1226.17,2855.17
2025-09-11,1.48,1086,1226.17,2833.45
2025-09-12,1.46,1086,1226.17,2811.73
2025-09-15,1.55,1086,1226.17,2909.47
2025-09-16,1.5,1086,1226.17,2855.17
2025-09-17,1.49,1086,1226.17,2844.31
2025-09-18,1.51,1086,1226.17,2866.03
2025-09-19,1.65,761,1760.81,3016.46
2025-09-22,1.71,761,1760.81,3062.12
2025-09-23,1.68,761,1760.81,3039.29
2025-09-24,1.63,761,1760.81,3001.24
2025-09-25,1.75,457,2291.22,3090.97
2025-09-26,1.76,457,2291.22,3095.54
2025-09-29,1.76,457,2291.22,3095.54
2025-09-30,1.79,457,2291.22,3109.25
2025-10-01,1.76,457,2291.22,3095.54
2025-10-02,1.76,457,2291.22,3095.54
2025-10-03,1.73,457,2291.22,3081.83
2025-10-06,1.81,457,2291.22,3118.39
2025-10-07,1.85,0,3134.13,3134.13
2025-10-08,1.85,0,3134.13,3134.13
2025-10-09,1.91,0,3134.13,3134.13
2025-10-10,1.95,0,3134.13,3134.13
2025-10-13,2.03,0,3134.13,3134.13
2025-10-14,2.1,0,3134.13,3134.13
2025-10-15,2.03,0,3134.13,3134.13
2025-10-16,1.75,0,3134.13,3134.13
2025-10-17,1.61,0,3134.13,3134.13
2025-10-20,1.62,0,3134.13,3134.13
2025-10-21,1.55,0,3134.13,3134.13
2025-10-22,1.56,0,3134.13,3134.13
2025-10-23,1.54,0,3134.13,3134.13
2025-10-24,1.6,0,3134.13,3134.13
2025-10-27,1.58,0,3134.13,3134.13
2025-10-28,1.69,0,3134.13,3134.13
2025-10-29,1.67,0,3134.13,3134.13
2025-10-30,1.7,0,3134.13,3134.13
2025-10-31,1.72,0,3134.13,3134.13
2025-11-03,1.61,0,3134.13,3134.13
2025-11-04,1.44,0,3134.13,3134.13
2025-11-05,1.37,0,3134.13,3134.13
2025-11-06,1.27,0,3134.13,3134.13
2025-11-07,1.24,0,3134.13,3134.13
2025-11-10,1.31,0,3134.13,3134.13
2025-11-11,1.3,0,3134.13,3134.13
2025-11-12,1.31,0,3134.13,3134.13
2025-11-13,1.21,0,3134.13,3134.13
2025-11-14,1.19,0,3134.13,3134.13
2025-11-17,1.14,0,3134.13,3134.13
2025-11-18,1.2,0,3134.13,3134.13
2025-11-19,1.27,0,3134.13,3134.13
2025-11-20,1.18,0,3134.13,3134.13
2025-11-21,1.17,0,3134.13,3134.13
2025-11-24,1.27,0,3134.13,3134.13
2025-11-25,1.25,0,3134.13,3134.13
2025-11-26,1.27,0,3134.13,3134.13
2025-11-28,1.31,0,3134.13,3134.13
2025-12-01,1.3,0,3134.13,3134.13
2025-12-02,1.33,0,3134.13,3134.13
2025-12-03,1.4,0,3134.13,3134.13
2025-12-04,1.44,0,3134.13,3134.13
2025-12-05,1.38,0,3134.13,3134.13
2025-12-08,1.37,0,3134.13,3134.13
2025-12-09,1.36,0,3134.13,3134.13
2025-12-10,1.36,0,3134.13,3134.13
2025-12-11,1.25,0,3134.13,3134.13
2025-12-12,1.28,0,3134.13,3134.13
2025-12-15,1.33,0,3134.13,3134.13
2025-12-16,1.31,0,3134.13,3134.13
2025-12-17,1.34,0,3134.13,3134.13
2025-12-18,1.4,0,3134.13,3134.13
2025-12-19,1.46,0,3134.13,3134.13
2025-12-22,1.43,0,3134.13,3134.13
2025-12-23,1.4,0,3134.13,3134.13
2025-12-24,1.42,0,3134.13,3134.13
2025-12-26,1.38,0,3134.13,3134.13
2025-12-29,1.38,0,3134.13,3134.13
2025-12-30,1.36,0,3134.13,3134.13
2025-12-31,1.39,0,3134.13,3134.13
2026-01-02,1.53,0,3134.13,3134.13
2026-01-05,1.61,0,3134.13,3134.13
2026-01-06,1.65,0,3134.13,3134.13
2026-01-07,1.64,0,3134.13,3134.13
2026-01-08,1.63,0,3134.13,3134.13
2026-01-09,1.64,0,3134.13,3134.13
2026-01-12,1.69,0,3134.13,3134.13
2026-01-13,1.71,0,3134.13,3134.13
2026-01-14,1.8,0,3134.13,3134.13
2026-01-15,1.83,0,3134.13,3134.13
2026-01-16,1.86,0,3134.13,3134.13
2026-01-20,1.92,0,3134.13,3134.13
2026-01-21,1.93,0,3134.13,3134.13
2026-01-22,1.91,0,3134.13,3134.13
2026-01-23,1.87,0,3134.13,3134.13
2026-01-26,1.79,0,3134.13,3134.13
2026-01-27,1.93,0,3134.13,3134.13
2026-01-28,2.0,0,3134.13,3134.13
2026-01-29,1.9,0,3134.13,3134.13
2026-01-30,1.76,0,3134.13,3134.13
2026-02-02,1.71,0,3134.13,3134.13
2026-02-03,1.79,0,3134.13,3134.13
2026-02-04,1.65,0,3134.13,3134.13
2026-02-05,1.53,0,3134.13,3134.13
2026-02-06,1.59,0,3134.13,3134.13
2026-02-09,1.68,0,3134.13,3134.13
2026-02-10,1.66,0,3134.13,3134.13
2026-02-11,1.67,0,3134.13,3134.13
2026-02-12,1.58,0,3134.13,3134.13
2026-02-13,1.58,0,3134.13,3134.13
2026-02-17,1.54,0,3134.13,3134.13
2026-02-18,1.58,0,3134.13,3134.13
2026-02-19,1.61,0,3134.13,3134.13
2026-02-20,1.62,0,3134.13,3134.13
2026-02-23,1.64,0,3134.13,3134.13
2026-02-24,1.71,0,3134.13,3134.13
2026-02-25,1.71,0,3134.13,3134.13
2026-02-26,1.68,0,3134.13,3134.13
2026-02-27,1.67,0,3134.13,3134.13
2026-03-02,1.74,0,3134.13,3134.13
2026-03-03,1.59,0,3134.13,3134.13
2026-03-04,1.57,0,3134.13,3134.13
2026-03-05,1.46,0,3134.13,3134.13
2026-03-06,1.42,0,3134.13,3134.13
2026-03-09,1.44,0,3134.13,3134.13
2026-03-10,1.54,0,3134.13,3134.13
2026-03-11,1.55,0,3134.13,3134.13
2026-03-12,1.59,0,3134.13,3134.13
2026-03-13,1.6,0,3134.13,3134.13
2026-03-16,1.44,0,3134.13,3134.13
2026-03-17,1.45,0,3134.13,3134.13
2026-03-18,1.38,0,3134.13,3134.13
2026-03-19,1.32,0,3134.13,3134.13
2026-03-20,1.45,0,3134.13,3134.13
2026-03-23,1.5,0,3134.13,3134.13
2026-03-24,1.5,0,3134.13,3134.13
2026-03-25,1.52,0,3134.13,3134.13
2026-03-26,1.42,0,3134.13,3134.13
2026-03-27,1.42,0,3134.13,3134.13
2026-03-30,1.38,0,3134.13,3134.13
2026-03-31,1.49,0,3134.13,3134.13
2026-04-01,1.44,0,3134.13,3134.13
2026-04-02,1.52,0,3134.13,3134.13
2026-04-06,1.5,0,3134.13,3134.13
2026-04-07,1.46,0,3134.13,3134.13
2026-04-08,1.53,0,3134.13,3134.13
2026-04-09,1.56,0,3134.13,3134.13
2026-04-10,1.5,0,3134.13,3134.13
2026-04-13,1.56,0,3134.13,3134.13
2026-04-14,1.59,0,3134.13,3134.13
2026-04-15,1.65,0,3134.13,3134.13
2026-04-16,1.65,0,3134.13,3134.13
2026-04-17,1.63,0,3134.13,3134.13
2026-04-20,1.71,0,3134.13,3134.13
2026-04-21,1.7,0,3134.13,3134.13
2026-04-22,1.81,0,3134.13,3134.13
2026-04-23,1.73,0,3134.13,3134.13
2026-04-24,1.7,0,3134.13,3134.13
2026-04-27,1.77,0,3134.13,3134.13
2026-04-28,1.72,0,3134.13,3134.13
2026-04-29,1.68,0,3134.13,3134.13
2026-04-30,1.79,0,3134.13,3134.13
2026-05-01,1.79,0,3134.13,3134.13
2026-05-04,1.77,0,3134.13,3134.13
2026-05-05,1.76,0,3134.13,3134.13
2026-05-06,1.85,0,3134.13,3134.13
2026-05-07,1.82,0,3134.13,3134.13
2026-05-08,1.74,0,3134.13,3134.13
2026-05-11,1.82,0,3134.13,3134.13
2026-05-12,1.94,0,3134.13,3134.13
2026-05-13,1.87,0,3134.13,3134.13
2026-05-14,1.83,0,3134.13,3134.13
2026-05-15,1.66,0,3134.13,3134.13
2026-05-18,1.58,0,3134.13,3134.13
2026-05-19,1.5,0,3134.13,3134.13
2026-05-20,1.47,0,3134.13,3134.13
2026-05-21,1.53,0,3134.13,3134.13
2026-05-22,1.55,0,3134.13,3134.13
2026-05-26,1.63,0,3134.13,3134.13
2026-05-27,1.63,0,3134.13,3134.13
2026-05-28,1.62,0,3134.13,3134.13
2026-05-29,1.62,0,3134.13,3134.13
2026-06-01,1.71,0,3134.13,3134.13
2026-06-02,2.1,0,3134.13,3134.13
2026-06-03,1.98,0,3134.13,3134.13
